{
  "project_info": {
    "project_number": "11480476858",
    "project_id": "uploadpicture-58504",
    "storage_bucket": "uploadpicture-58504.appspot.com"
  },
  "client": [
    {
      "client_info": {
        "mobilesdk_app_id": "1:11480476858:android:8dac121c0d857fe77b6683",
        "android_client_info": {
          "package_name": "com.example.firebaseimageupload"
        }
      },
      "oauth_client": [
        {
          "client_id": "11480476858-g7kuhmkmqalir3jvm70obhfk2oojrqfi.apps.googleusercontent.com",
          "client_type": 3
        }
      ],
      "api_key": [
        {
          "current_key": "AIzaSyA_baEovUhUHlEF09ALzneDZxwXkkpF_ZY"
        }
      ],
      "services": {
        "appinvite_service": {
          "other_platform_oauth_client": [
            {
              "client_id": "11480476858-g7kuhmkmqalir3jvm70obhfk2oojrqfi.apps.googleusercontent.com",
              "client_type": 3
            }
          ]
        }
      }
    }
  ],
  "configuration_version": "1"
}